{
"json_results" :
  {
  "energy" :
    -7.5794454038715429e+01,
  "gradient" :
    [
      [
         7.6956821410209366e-10,
         3.3987071824596737e-09,
        -2.2776959739855274e-02
      ], 
      [
        -3.8478406890023042e-10,
        -2.0543726323679429e-02,
         1.1388481237180531e-02
      ], 
      [
        -3.8478414688102127e-10,
         2.0543722924969171e-02,
         1.1388478502673022e-02
      ]
    ]
  }
}
