{
"json_results" :
  {
  "energy" :
    -7.5955313284531485e+01,
  "gradient" :
    [
      [
         1.6636393387190394e-16,
        -1.2990476749852320e-14,
        -6.3314380515344715e-02
      ], 
      [
         5.8955724703266870e-16,
        -4.3915406368779664e-02,
         3.1657190257666695e-02
      ], 
      [
        -7.5592118089286004e-16,
         4.3915406368793208e-02,
         3.1657190257678214e-02
      ]
    ]
  }
}
