{
"json_results" :
  {
  "energy" :
    -7.5955313284513750e+01,
  "gradient" :
    [
      [
         6.8634738793408085e-17,
        -1.3983172258980048e-14,
        -6.3314380507980328e-02
      ], 
      [
        -1.1642701500300669e-15,
        -4.3915406366359377e-02,
         3.1657190253992634e-02
      ], 
      [
         1.0956354112374631e-15,
         4.3915406366369591e-02,
         3.1657190253987472e-02
      ]
    ]
  }
}
