{
"json_results" :
  {
  "energy" :
    -7.5955313284346602e+01,
  "gradient" :
    [
      [
        -6.2440255870611240e-17,
        -6.7831395882123058e-13,
        -6.3314381327073788e-02
      ], 
      [
         3.5175404980389057e-16,
        -4.3915406962817150e-02,
         3.1657190663206242e-02
      ], 
      [
        -2.8931379393328090e-16,
         4.3915406963498105e-02,
         3.1657190663868018e-02
      ]
    ]
  }
}
