{
"json_results" :
  {
  "n_channels" :
    1,
  "density" :
    [
      [
         1.5904370897268592e+00,
        -4.9071193034933097e-17,
        -5.2943186734432635e-01,
         9.0431198043643270e-16,
         1.4032605594325062e-01,
        -1.9263713235903639e-02,
         1.4032605594324885e-01,
        -1.9263713235901571e-02
      ], 
      [
        -4.9071193034933097e-17,
         2.0000000000000000e+00,
         1.1797084597095297e-16,
         7.6551072429385348e-18,
         2.0311060746261919e-16,
        -1.0582839127224805e-16,
         2.3264672182259700e-17,
        -1.2529485005033411e-17
      ], 
      [
        -5.2943186734432635e-01,
         1.1797084597095297e-16,
         1.4328883637999590e+00,
        -3.0110683861637589e-16,
         3.5178784974020127e-01,
         8.8836958526180204e-02,
         3.5178784974020189e-01,
         8.8836958526178317e-02
      ], 
      [
         9.0431198043643270e-16,
         7.6551072429385348e-18,
        -3.0110683861637589e-16,
         9.9960345826073449e-01,
        -4.7276888131882872e-01,
        -6.6833751595310575e-02,
         4.7276888131882755e-01,
         6.6833751595310936e-02
      ], 
      [
         1.4032605594325062e-01,
         2.0311060746261919e-16,
         3.5178784974020127e-01,
        -4.7276888131882872e-01,
         3.6234999205306495e-01,
         5.6047669698619067e-02,
        -8.4848170971210224e-02,
        -7.1712351879904407e-03
      ], 
      [
        -1.9263713235903639e-02,
        -1.0582839127224805e-16,
         8.8836958526180204e-02,
        -6.6833751595310575e-02,
         5.6047669698619067e-02,
         1.0108113811836031e-02,
        -7.1712351879899480e-03,
         1.1710691960126951e-03
      ], 
      [
         1.4032605594324885e-01,
         2.3264672182259700e-17,
         3.5178784974020189e-01,
         4.7276888131882755e-01,
        -8.4848170971210224e-02,
        -7.1712351879899480e-03,
         3.6234999205306329e-01,
         5.6047669698618983e-02
      ], 
      [
        -1.9263713235901571e-02,
        -1.2529485005033411e-17,
         8.8836958526178317e-02,
         6.6833751595310936e-02,
        -7.1712351879904407e-03,
         1.1710691960126951e-03,
         5.6047669698618983e-02,
         1.0108113811835875e-02
      ]
    ],
  "orbitals" :
    [
      [
         8.0628228845504069e-01,
         2.7755575615628914e-16,
         7.0229555047490289e-02,
        -5.4123372450476381e-16,
         1.7852283091765217e-01,
         1.2444986034548626e-02,
         1.7852283091765031e-01,
         1.2444986034549216e-02
      ], 
      [
        -2.2065682614424986e-15,
         1.1102230246251565e-15,
         2.2620794126737565e-15,
        -7.0696656860870533e-01,
         3.3436438320501349e-01,
         4.7267971756315225e-02,
        -3.3436438320501194e-01,
        -4.7267971756315239e-02
      ], 
      [
        -3.8095592420532343e-01,
         3.6637359812630166e-15,
         8.4351170205149550e-01,
         1.7624790515924360e-15,
         1.9366221653076970e-01,
         5.1622844502817664e-02,
         1.9366221653077201e-01,
         5.1622844502816748e-02
      ], 
      [
        -1.1473980400213239e-15,
        -1.0000000000000000e+00,
         3.0509113676927249e-15,
        -7.8871811573108815e-16,
         1.0287410033589260e-15,
         2.9797883657660920e-16,
         3.7622589730152541e-16,
         1.4637340230061314e-16
      ], 
      [
         4.1048358109566385e-01,
         5.5511151231257827e-17,
         1.6391838083872193e-01,
         6.6613381477509392e-16,
        -3.8689752462018173e-01,
         5.3113637238428124e-01,
        -3.8689752462018390e-01,
         5.3113637238428313e-01
      ], 
      [
        -6.0368376963992887e-16,
        -4.1633363423443370e-17,
        -2.0816681711721685e-16,
         1.2975056851508271e-01,
         4.1943962293359083e-01,
        -6.7181165265166864e-01,
        -4.1943962293358966e-01,
         6.7181165265166787e-01
      ], 
      [
        -6.1062266354383610e-16,
        -1.3877787807814457e-17,
        -3.1918911957973251e-16,
         9.4660335787719907e-01,
         7.7541113251215543e-01,
         3.3052632863836101e-01,
        -7.7541113251215399e-01,
        -3.3052632863836029e-01
      ], 
      [
        -7.8477824738488355e-01,
        -3.4694469519536142e-18,
        -7.1180199175015446e-01,
        -1.4432899320127035e-15,
         7.0889309717573856e-01,
         4.9504344586700944e-01,
         7.0889309717574145e-01,
         4.9504344586700955e-01
      ]
    ],
  "eigenvalues" :
    [
      -7.5368230271972803e-01,
      -6.0699384926490207e-01,
      -5.4813533793800351e-01,
      -4.9804000551065736e-01,
      -1.6487831919903906e-01,
      -5.6889149371967318e-02,
       2.5483816859272207e-01,
       3.6102587273561043e-01
    ],
  "energy" :
    -5.7659905206521573e+00,
  "converged" :
    true,
  "n_iter" :
    7,
  "ao_basis" :
 { 
   "__Basis" : { 
     "n_functions" : 8, 
     "electron_shells" : [
 { 
   "angular_momentum" : 0,
   "exponents" : [
   1.5228769660788095e+02,
   2.7928015215973073e+01,
   7.8483747923845151e+00,
   1.1223350202705642e+00,
   5.0938465879078565e-01,
   2.4292266532510307e-01
],
   "coefficients" : [
  [
    -4.1512778189875359e-03,
    -2.0670241479937949e-02,
    -5.1503033369845373e-02,
     3.3462711739899537e-01,
     5.6210613009831245e-01,
     1.7129946969948573e-01
  ]
],
   "function_type" : "gto_spherical",
   "center" : [
   0.0000000000000000e+00,
   0.0000000000000000e+00,
  -1.2947693993318282e-01
],
   "radial_threshold" :  0.0000000000000000e+00,
   "center_index" : 0,
   "normalized_primitives" : true
   }, 
 { 
   "angular_momentum" : 1,
   "exponents" : [
   2.7203421487167727e+01,
   7.0940991259767303e+00,
   2.5383362605345954e+00,
   1.0610730767843852e+00,
   4.8519489164104329e-01,
   2.2938302550642545e-01
],
   "coefficients" : [
  [
     7.9242336462944270e-03,
     5.1441048251911328e-02,
     1.8984000600705364e-01,
     4.0498631911504746e-01,
     4.0123628611490808e-01,
     1.0518551890390823e-01
  ]
],
   "function_type" : "gto_spherical",
   "center" : [
   0.0000000000000000e+00,
   0.0000000000000000e+00,
  -1.2947693993318282e-01
],
   "radial_threshold" :  0.0000000000000000e+00,
   "center_index" : 0,
   "normalized_primitives" : true
   }, 
 { 
   "angular_momentum" : 0,
   "exponents" : [
   3.3710073211949485e+01,
   6.1807050227404643e+00,
   1.7291385346152253e+00,
   5.9400575499219777e-01,
   2.3066981704495179e-01,
   9.5002569062841186e-02
],
   "coefficients" : [
  [
     9.1635962805429634e-03,
     4.9361492942924787e-02,
     1.6853830490998634e-01,
     3.7056279972195677e-01,
     4.1649152982467808e-01,
     1.3033408410772263e-01
  ]
],
   "function_type" : "gto_spherical",
   "center" : [
   0.0000000000000000e+00,
  -1.4941873392358804e+00,
   1.0274465094732790e+00
],
   "radial_threshold" :  0.0000000000000000e+00,
   "center_index" : 1,
   "normalized_primitives" : true
   }, 
 { 
   "angular_momentum" : 0,
   "exponents" : [
   1.0256286070314905e+01,
   6.2279653258753920e-01,
   2.3910076678539149e-01,
   3.3710073211949485e+01,
   6.1807050227404643e+00,
   1.7291385346152253e+00,
   5.9400575499219777e-01,
   2.3066981704495179e-01,
   9.5002569062841186e-02
],
   "coefficients" : [
  [
    -3.2279868167000059e-01,
     3.2096298172952227e+00,
     2.4672629224617948e+00,
    -4.8487066612842265e-02,
    -2.6118501112001447e-01,
    -8.9178175978108709e-01,
    -1.9607480081275717e+00,
    -2.2037693425203124e+00,
    -6.8963289352599977e-01
  ]
],
   "function_type" : "gto_spherical",
   "center" : [
   0.0000000000000000e+00,
  -1.4941873392358804e+00,
   1.0274465094732790e+00
],
   "radial_threshold" :  0.0000000000000000e+00,
   "center_index" : 1,
   "normalized_primitives" : true
   }, 
 { 
   "angular_momentum" : 0,