                                                                                  {
"json_results" :
  {
  "n_channels" :
    1,
  "density" :
    [
      [
         1.5904370897244888e+00,
         0.0000000000000000e+00,
        -5.2943186734662928e-01,
        -8.6635067686181966e-16,
         1.4032605594364062e-01,
        -1.9263713236210709e-02,
         1.4032605594364095e-01,
        -1.9263713236209654e-02
      ], 
      [
         0.0000000000000000e+00,
         2.0000000000000000e+00,
         0.0000000000000000e+00,
         0.0000000000000000e+00,
         0.0000000000000000e+00,
         0.0000000000000000e+00,
         0.0000000000000000e+00,
         0.0000000000000000e+00
      ], 
      [
        -5.2943186734662928e-01,
         0.0000000000000000e+00,
         1.4328883637976031e+00,
        -1.8367731204547565e-17,
         3.5178784974101462e-01,
         8.8836958526415211e-02,
         3.5178784974101385e-01,
         8.8836958526413934e-02
      ], 
      [
        -8.6635067686181966e-16,
         0.0000000000000000e+00,
        -1.8367731204547565e-17,
         9.9960345825681352e-01,
        -4.7276888131967415e-01,
        -6.6833751595477192e-02,
         4.7276888131967465e-01,
         6.6833751595476401e-02
      ], 
      [
         1.4032605594364062e-01,
         0.0000000000000000e+00,
         3.5178784974101462e-01,
        -4.7276888131967415e-01,
         3.6234999205601748e-01,
         5.6047669699040362e-02,
        -8.4848170971611819e-02,
        -7.1712351880872001e-03
      ], 
      [
        -1.9263713236210709e-02,
         0.0000000000000000e+00,
         8.8836958526415211e-02,
        -6.6833751595477192e-02,
         5.6047669699040362e-02,
         1.0108113811913996e-02,
        -7.1712351880874672e-03,
         1.1710691960111494e-03
      ], 
      [
         1.4032605594364095e-01,
         0.0000000000000000e+00,
         3.5178784974101385e-01,
         4.7276888131967465e-01,
        -8.4848170971611819e-02,
        -7.1712351880874672e-03,
         3.6234999205601792e-01,
         5.6047669699039807e-02
      ], 
      [
        -1.9263713236209654e-02,
         0.0000000000000000e+00,
         8.8836958526413934e-02,
         6.6833751595476401e-02,
        -7.1712351880872001e-03,
         1.1710691960111494e-03,
         5.6047669699039807e-02,
         1.0108113811913743e-02
      ]
    ],
  "orbitals" :
    [
      [
        -8.0628228845331007e-01,
         0.0000000000000000e+00,
        -7.0229555048064995e-02,
         8.8817841970012523e-16,
        -1.7852283091898200e-01,
        -1.2444986034601115e-02,
        -1.7852283091898163e-01,
        -1.2444986034601348e-02
      ], 
      [
         1.2490009027033011e-15,
         0.0000000000000000e+00,
        -1.8041124150158794e-15,
         7.0696656860731877e-01,
        -3.3436438320626705e-01,
        -4.7267971756525751e-02,
         3.3436438320626699e-01,
         4.7267971756524987e-02
      ], 
      [
        -3.8095592420743074e-01,
         0.0000000000000000e+00,
         8.4351170205074943e-01,
         1.5751289161869408e-15,
         1.9366221653119095e-01,
         5.1622844502989804e-02,
         1.9366221653119198e-01,
         5.1622844502989228e-02
      ], 
      [
         0.0000000000000000e+00,
         1.0000000000000000e+00,
         0.0000000000000000e+00,
         0.0000000000000000e+00,
         0.0000000000000000e+00,
         0.0000000000000000e+00,
         0.0000000000000000e+00,
         0.0000000000000000e+00
      ], 
      [
         4.1048358109584521e-01,
         0.0000000000000000e+00,
         1.6391838083872851e-01,
         9.7838404045091920e-16,
        -3.8689752461956550e-01,
         5.3113637238457723e-01,
        -3.8689752461956733e-01,
         5.3113637238457823e-01
      ], 
      [
        -4.6490589156178430e-16,
         0.0000000000000000e+00,
        -1.2490009027033011e-16,
         1.2975056851488209e-01,
         4.1943962293307691e-01,
        -6.7181165265185083e-01,
        -4.1943962293307618e-01,
         6.7181165265184983e-01
      ], 
      [
        -9.4368957093138306e-16,
         0.0000000000000000e+00,
        -4.9960036108132044e-16,
         9.4660335787826089e-01,
         7.7541113251189198e-01,
         3.3052632863795983e-01,
        -7.7541113251188998e-01,
        -3.3052632863795861e-01
      ], 
      [
        -7.8477824738554403e-01,
         0.0000000000000000e+00,
        -7.1180199175097958e-01,
        -1.8873791418627661e-15,
         7.0889309717562465e-01,
         4.9504344586667309e-01,
         7.0889309717562798e-01,
         4.9504344586667387e-01
      ]
    ],
  "eigenvalues" :
    [
      -7.5368230271799252e-01,
      -6.0699384926338396e-01,
      -5.4813533793601266e-01,
      -4.9804000550840422e-01,
      -1.6487831919880522e-01,
      -5.6889149371843847e-02,
       2.5483816859352199e-01,
       3.6102587273626607e-01
    ],
  "energy" :
    -5.7659905206521511e+00,
  "converged" :
    true,
  "n_iter" :
    7,
  "ao_basis" :
 { 
   "__Basis" : { 
     "n_functions" : 8, 
     "electron_shells" : [
 { 
   "angular_momentum" : 0,
   "exponents" : [
   1.5228769660788095e+02,
   2.7928015215973073e+01,
   7.8483747923845151e+00,
   1.1223350202705642e+00,
   5.0938465879078565e-01,
   2.4292266532510307e-01
],
   "coefficients" : [
  [
    -4.1512778189875359e-03,
    -2.0670241479937949e-02,
    -5.1503033369845373e-02,
     3.3462711739899537e-01,
     5.6210613009831245e-01,
     1.7129946969948573e-01
  ]
],
   "function_type" : "gto_spherical",
   "center" : [
   0.0000000000000000e+00,
   0.0000000000000000e+00,
  -1.2947693993318282e-01
],
   "radial_threshold" :  0.0000000000000000e+00,
   "center_index" : 0,
   "normalized_primitives" : true
   }, 
 { 
   "angular_momentum" : 1,
   "exponents" : [
   2.7203421487167727e+01,
   7.0940991259767303e+00,
   2.5383362605345954e+00,
   1.0610730767843852e+00,
   4.8519489164104329e-01,
   2.2938302550642545e-01
],
   "coefficients" : [
  [
     7.9242336462944270e-03,
     5.1441048251911328e-02,
     1.8984000600705364e-01,
     4.0498631911504746e-01,
     4.0123628611490808e-01,
     1.0518551890390823e-01
  ]
],
   "function_type" : "gto_spherical",
   "center" : [
   0.0000000000000000e+00,
   0.0000000000000000e+00,
  -1.2947693993318282e-01
],
   "radial_threshold" :  0.0000000000000000e+00,
   "center_index" : 0,
   "normalized_primitives" : true
   }, 
 { 
   "angular_momentum" : 0,
   "exponents" : [
   3.3710073211949485e+01,
   6.1807050227404643e+00,
   1.7291385346152253e+00,
   5.9400575499219777e-01,
   2.3066981704495179e-01,
   9.5002569062841186e-02
],
   "coefficients" : [
  [
     9.1635962805429634e-03,
     4.9361492942924787e-02,
     1.6853830490998634e-01,
     3.7056279972195677e-01,
     4.1649152982467808e-01,
     1.3033408410772263e-01
  ]
],
   "function_type" : "gto_spherical",
   "center" : [
   0.0000000000000000e+00,
  -1.4941873392358804e+00,
   1.0274465094732790e+00
],
   "radial_threshold" :  0.0000000000000000e+00,
   "center_index" : 1,
   "normalized_primitives" : true
   }, 
 { 
   "angular_momentum" : 0,
   "exponents" : [
   1.0256286070314905e+01,
   6.2279653258753920e-01,
   2.3910076678539149e-01,
   3.3710073211949485e+01,
   6.1807050227404643e+00,
   1.7291385346152253e+00,
   5.9400575499219777e-01,
   2.3066981704495179e-01,
   9.5002569062841186e-02
],
   "coefficients" : [
  [
    -3.2279868167000059e-01,
     3.2096298172952227e+00,
     2.4672629224617948e+00,
    -4.8487066612842265e-02,
    -2.6118501112001447e-01,
    -8.9178175978108709e-01,
    -1.9607480081275717e+00,
    -2.2037693425203124e+00,
    -6.8963289352599977e-01
  ]
],
   "function_type" : "gto_spherical",
   "center" : [
   0.0000000000000000e+00,
  -1.4941873392358804e+00,
   1.0274465094732790e+00
],
   "radial_threshold" :  0.0000000000000000e+00,
   "center_index" : 1,