{
"json_results" :
  {
  "energy" :
    -7.5323405935246782e+01,
  "gradient" :
    [
      [
         1.0892875821107909e-15,
         3.3416347715723882e-02,
        -2.5873700874491229e-02
      ], 
      [
        -1.0892875821107909e-15,
        -3.3416347715723882e-02,
         2.5873700874491229e-02
      ]
    ]
  }
}
