{
"json_results" :
  {
  "energy" :
    -7.5122272501284300e+01,
  "gradient" :
    [
      [
         8.5918177285722192e-16,
         8.0096803955122614e-02,
        -6.2017571857724774e-02
      ], 
      [
        -8.5918177285722192e-16,
        -8.0096803955122614e-02,
         6.2017571857724774e-02
      ]
    ]
  }
}
