{
"json_results" :
  {
  "energy" :
    -5.7659905206521573e+00,
  "gradient" :
    [
      [
        -5.5576756606626808e-17,
        -2.8537718350680210e-16,
        -4.2307529781663702e-02
      ], 
      [
         5.0446434076244206e-17,
        -2.5275798507216667e-02,
         2.1153764890831817e-02
      ], 
      [
         5.1303225303826035e-18,
         2.5275798507216958e-02,
         2.1153764890831900e-02
      ]
    ]
  }
}
